"value","count","source"
"others",573,"dropdown"
"seema-gujral",13,"dropdown"
"maria",10,"dropdown"
"sana",8,"dropdown"
"anita-dogre",5,"dropdown"
"papadontpreach",3,"dropdown"
"mohsin",3,"dropdown"
"faraz",3,"dropdown"
"",3,"dropdown"
"suffuse",2,"dropdown"
"sobia-nazir",2,"dropdown"
"sabyasachi",2,"dropdown"
"gauravgupta",2,"dropdown"
"faiza",2,"dropdown"
"aghaoor",2,"dropdown"
"abhinavmishra",2,"dropdown"
"vvani",1,"dropdown"
"tarun",1,"dropdown"
"ritukumar",1,"dropdown"
"payalsinghal",1,"dropdown"
"masaba_gupta",1,"dropdown"
"manishmalhotra",1,"dropdown"
"mahima-mahajan",1,"dropdown"
"dollyj",1,"dropdown"
"asim",1,"dropdown"
"anushree",1,"dropdown"
"Hussain-rehar",1,"dropdown"
"",102,"freetext"
"N/A",75,"freetext"
"Arivaah",69,"freetext"
"na",56,"freetext"
"Pakistani",52,"freetext"
"Unknown",48,"freetext"
"Custom made",46,"freetext"
"Indian",40,"freetext"
"None",36,"freetext"
"Maria B",36,"freetext"
"No",32,"freetext"
"Yes",31,"freetext"
"Sana Safinaz",23,"freetext"
"India",23,"freetext"
"Agha noor",20,"freetext"
"Ethnic",19,"freetext"
"Seema Gujral",18,"freetext"
"Limelight",17,"freetext"
"Test",15,"freetext"
"ROYAL THREADS",15,"freetext"
"Kalki",15,"freetext"
"Lashkaraa",14,"freetext"
"no designer",12,"freetext"
"Local",12,"freetext"
"Asim Jofa",12,"freetext"
"Meena Bazaar",11,"freetext"
"Kalki Fashion",11,"freetext"
"Designer",11,"freetext"
"customised",11,"freetext"
"SANA SAFINA",10,"freetext"
"non designer",10,"freetext"
"no name",10,"freetext"
"Khaadi",10,"freetext"
"Faiza saqlain",10,"freetext"
"J.",9,"freetext"
"Home",9,"freetext"
"Custome made",9,"freetext"
"Boutique",9,"freetext"
"Baroque",9,"freetext"
"ssdesigners",8,"freetext"
"Lashkara",8,"freetext"
"Frontier Raas",8,"freetext"
"BIBA",8,"freetext"
"W",7,"freetext"
"not known",7,"freetext"
"not designer",7,"freetext"
"Lulusar",7,"freetext"
"Indya",7,"freetext"
"Indian designer",7,"freetext"
"Customized",7,"freetext"
"Custom",7,"freetext"
"-",7,"freetext"
"Suffuse by Sana Yasir",6,"freetext"
"self",6,"freetext"
"Sapphire",6,"freetext"
"Saira Shakira",6,"freetext"
"Pakistani Designer",6,"freetext"
"Pakistan",6,"freetext"
"Not sure",6,"freetext"
"Nil",6,"freetext"
"Hussain Rehar",6,"freetext"
"House of Indya",6,"freetext"
"frontier",6,"freetext"
"Boutique made",6,"freetext"
"Annu’s creation",6,"freetext"
"Anita Dongre",6,"freetext"
"Sobia Nazir",5,"freetext"
"Self designed",5,"freetext"
"Qalamkar",5,"freetext"
"other",5,"freetext"
"Monga’s",5,"freetext"
"Mongas",5,"freetext"
"Kanwal clothing",5,"freetext"
"Kaashni Boutique",5,"freetext"
"House of Surya",5,"freetext"
"Generation",5,"freetext"
"Crimson",5,"freetext"
"Classique Cut",5,"freetext"
"Chinyere",5,"freetext"
"Bin saeed",5,"freetext"
"Basanti Ke Kapde",5,"freetext"
"Aurelia",5,"freetext"
"Asopalav",5,"freetext"
"Angad Singh",5,"freetext"
"Afrozeh",5,"freetext"
"Zelbury",4,"freetext"
"Zeen",4,"freetext"
"Vvani by Vani Vats",4,"freetext"
"Vanya",4,"freetext"
"THE FABRIC SYMPOSIUM",4,"freetext"
"Tarun Tahiliani",4,"freetext"
"Swarovski",4,"freetext"
"Soch",4,"freetext"
"Sadabahar",4,"freetext"
"Sabyasachi",4,"freetext"
"Roop Darshan",4,"freetext"
"Ritu Kumar",4,"freetext"
"punjab",4,"freetext"
"Omega",4,"freetext"
"Non",4,"freetext"
"Neeru’s",4,"freetext"
"Nazila Couture",4,"freetext"
"MariaB",4,"freetext"
"Made in india",4,"freetext"
"Kanwal malik",4,"freetext"
"Junaid Jamshed (J Pret)",4,"freetext"
"IRMA C 418 - The Brand",4,"freetext"
"haseens",4,"freetext"
"From India",4,"freetext"
"Farah Talib Aziz",4,"freetext"
"Ego",4,"freetext"
"Don’t know",4,"freetext"
"Bareeze",4,"freetext"
"Azure",4,"freetext"
"Annu Patel",4,"freetext"
"Aheli Collections",4,"freetext"
"Aheli",4,"freetext"
"Westside",3,"freetext"
"Unbranded",3,"freetext"
"Threads and Motifs",3,"freetext"
"Threads & Motifs",3,"freetext"
"The Punjaban Designer Boutique",3,"freetext"
"Suffuse",3,"freetext"
"soothing trends",3,"freetext"
"Self design",3,"freetext"
"Seasons Mumbai",3,"freetext"
"Seasons",3,"freetext"
"Sammy k",3,"freetext"
"Salitex",3,"freetext"
"S.S sha",3,"freetext"
"Ritu",3,"freetext"
"Republic womenswear",3,"freetext"
"Rangmanch",3,"freetext"
"Raja Fabrics",3,"freetext"
"Own",3,"freetext"
"Not branded",3,"freetext"
"Not applicable",3,"freetext"
"No brand",3,"freetext"
"Nitika Gujral",3,"freetext"
"NEENU SEKHON",3,"freetext"
"Nazranaa",3,"freetext"
"Myself",3,"freetext"
"Mushq",3,"freetext"
"Minnie minor",3,"freetext"
"Marwar Couture",3,"freetext"
"Manyavar",3,"freetext"
"manto",3,"freetext"
"Local designer",3,"freetext"
"local boutique",3,"freetext"
"Khadi",3,"freetext"
"Junaid Jamshed",3,"freetext"
"Jazmin",3,"freetext"
"Haseens Official",3,"freetext"
"Gullu exclusive",3,"freetext"
"Gulabo Jaipur",3,"freetext"
"Gul Ahmed",3,"freetext"
"Fizzy goblet",3,"freetext"
"Eva and sangeeta",3,"freetext"
"Elan",3,"freetext"
"DON'T KNOW",3,"freetext"
"Dolly J",3,"freetext"
"customise",3,"freetext"
"Choorian",3,"freetext"
"Charizma",3,"freetext"
"bonanza satrangi",3,"freetext"
"Beechtree pakistan",3,"freetext"
"aghanoor",3,"freetext"
"Abhinav Mishra",3,"freetext"
"abc",3,"freetext"
"Zoya in Birmingham",2,"freetext"
"Zaviay",2,"freetext"
"zainab zulfiqar",2,"freetext"
"Zainab Salman",2,"freetext"
"Zainab Jibran",2,"freetext"
"Zaib",2,"freetext"
"Zaavaiy",2,"freetext"
"Xenia",2,"freetext"
"well groomed designs",2,"freetext"
"Waqas Shah",2,"freetext"
"W brand",2,"freetext"
"vasansi",2,"freetext"
"various",2,"freetext"
"Varahiartstudio",2,"freetext"
"Vani Vats",2,"freetext"
"valentino boutique",2,"freetext"
"utsa",2,"freetext"
"Unsure",2,"freetext"
"Umar Sayeed",2,"freetext"
"trendsetter fashion boutique",2,"freetext"
"Toshi Jewels",2,"freetext"
"Thread and Motif",2,"freetext"
"The Saree Room",2,"freetext"
"Taruni",2,"freetext"
"Surya Ethnic Wear",2,"freetext"
"Surbhi Chopra Label",2,"freetext"
"Surabhi Chopra the Label",2,"freetext"
"Surabhi Chopra Label",2,"freetext"
"Sumaira Tariq",2,"freetext"
"Sukh",2,"freetext"
"Srishti",2,"freetext"
"Sokora Jewels",2,"freetext"
"sohaye",2,"freetext"
"So Wears",2,"freetext"
"Shyam Narayan prasad",2,"freetext"
"Shiv Chawla Bespoke",2,"freetext"
"Sheep",2,"freetext"
"sha posh",2,"freetext"
"Sequince",2,"freetext"
"Seasons - Mumbai",2,"freetext"
"Sarosh Salman",2,"freetext"
"Sapphire Pakistan",2,"freetext"
"Samrat Rai",2,"freetext"
"Sabyasachi REPLICA",2,"freetext"
"Sabyasachi inspired",2,"freetext"
"Sabyasaachi",2,"freetext"
"Saachi & Co Bridal",2,"freetext"
"Rupinder kaur",2,"freetext"
"ruchika hurria",2,"freetext"
"Royal Threads ~ by Piyu",2,"freetext"
"ROQA",2,"freetext"
"riwaaz",2,"freetext"
"Rimple and Harpreet",2,"freetext"
"reyya",2,"freetext"
"Republic Womens wear",2,"freetext"
"replica",2,"freetext"
"ready made",2,"freetext"
"Rash",2,"freetext"
"Rani Eman",2,"freetext"
"Punjabi Designer suit",2,"freetext"
"precious by Maria",2,"freetext"
"Payal & Pasand",2,"freetext"
"Paris",2,"freetext"
"Papa don’t preach",2,"freetext"
"Papa Don't Preach",2,"freetext"
"Pakistani dress",2,"freetext"
"Pakistani designers",2,"freetext"
"Own collection",2,"freetext"
"Opus Atelier",2,"freetext"
"opjl",2,"freetext"
"ombré",2,"freetext"
"Ohbyozy",2,"freetext"
"Nureh Pakistan",2,"freetext"
"Nureh",2,"freetext"
"NooréByErum",2,"freetext"
"Noor bridal",2,"freetext"
"Non-designer",2,"freetext"
"no label",2,"freetext"
"no idea",2,"freetext"
"Nisha Merchant",2,"freetext"
"Nilibar Ludhiana",2,"freetext"
"Nepali designer",2,"freetext"
"nepal",2,"freetext"
"Nakkashi",2,"freetext"
"Mysie by Tahira",2,"freetext"
"Mulmul",2,"freetext"
"Monsoon",2,"freetext"
"Monk & Mei",2,"freetext"
"Mohsin naveed ranjha",2,"freetext"
"mohsin",2,"freetext"
"MNR",2,"freetext"
"michael korse",2,"freetext"
"Meraki",2,"freetext"
"Meena Bazar",2,"freetext"
"Me",2,"freetext"
"masaba",2,"freetext"
"Maryum N Maria",2,"freetext"
"Marwa Couture",2,"freetext"
"Mahima Mahajan",2,"freetext"
"Madeeha Shoaib",2,"freetext"
"Ludhiana",2,"freetext"
"Local shop",2,"freetext"
"Libaas india",2,"freetext"
"Lavishing design",2,"freetext"
"Krina’s",2,"freetext"
"khaadi pret",2,"freetext"
"Karpura Silks",2,"freetext"
"Kareena Idnani",2,"freetext"
"Kalighata",2,"freetext"
"Kalatmak Ethnic",2,"freetext"
"Junaid Jamshed (J.)",2,"freetext"
"Jessy Sandhu",2,"freetext"
"jazmine",2,"freetext"
"jade by Ashima",2,"freetext"
"Iznik brand Pakistani",2,"freetext"
"Iznik",2,"freetext"
"Indian wear",2,"freetext"
"Indian bridal stone set",2,"freetext"
"Indian boutique",2,"freetext"
"Hue pret",2,"freetext"
"House of Surya - Delhi",2,"freetext"
"House of Joy",2,"freetext"
"Hosna Kohestani",2,"freetext"
"Haseen’s",2,"freetext"
"Haris Shakeel",2,"freetext"
"Gulahmed",2,"freetext"
"Gulab Rang Suit",2,"freetext"
"Gown",2,"freetext"
"Got it made",2,"freetext"
"Gopi Skirts by Radhika",2,"freetext"
"Golden Loom",2,"freetext"
"GnA ethnic wears",2,"freetext"
"From Kerala",2,"freetext"
"Frasha",2,"freetext"
"Exclusive",2,"freetext"
"Ethnic.pk",2,"freetext"
"ethnc",2,"freetext"
"ejaaz couture",2,"freetext"
"dulhan",2,"freetext"
"Dubai",2,"freetext"
"dont know",2,"freetext"
"Do not know",2,"freetext"
"DIYA",2,"freetext"
"dikhawa",2,"freetext"
"delhi",2,"freetext"
"customize",2,"freetext"
"Custom-made",2,"freetext"
"Custom made From India",2,"freetext"
"Chhabra",2,"freetext"
"Buraaq Bridal",2,"freetext"
"Boutique style",2,"freetext"
"Boutique piece",2,"freetext"
"Bora Honeys",2,"freetext"
"Beechtree",2,"freetext"
"Batik",2,"freetext"
"Bairaas",2,"freetext"
"Bacha party",2,"freetext"
"Aza",2,"freetext"
"Asiana Couture",2,"freetext"
"Aryavir Malhotra",2,"freetext"
"Anushree Reddy",2,"freetext"
"Anisha Shetty",2,"freetext"
"Amit Aggarwal",2,"freetext"
"Amaara",2,"freetext"
"Akbar Aslam",2,"freetext"
"Aisha And Usman",2,"freetext"
"Abhishek",2,"freetext"
"Aanchal exclusive fashion gallery",2,"freetext"
"Aacho",2,"freetext"
"7aatrang Birmingham",2,"freetext"
"3 pieces suit",2,"freetext"
"3 pcs",2,"freetext"
"150",2,"freetext"
"100",2,"freetext"
"…",1,"freetext"
"Zylish designs- Kerala",1,"freetext"
"zudio",1,"freetext"
"ZIRR by GAJIWALA",1,"freetext"
"Zeeshan Danish",1,"freetext"
"Zeen, Beejays, Libaas, Panache Apparel",1,"freetext"
"Zeel Clothing",1,"freetext"
"Zebaye",1,"freetext"
"Zeal apparel",1,"freetext"
"zaveri",1,"freetext"
"Zarri palace Pakistan",1,"freetext"
"ZARI BY RAM KISHAAN SAREES",1,"freetext"
"Zardozi",1,"freetext"
"ZaraShah Jahan",1,"freetext"
"Zara Shajhan",1,"freetext"
"Zara Shahjhan",1,"freetext"
"Zara Shahahan",1,"freetext"
"ZARA",1,"freetext"
"Zanes",1,"freetext"
"Zains",1,"freetext"
"Zahra Ahmad",1,"freetext"
"Zahan designer outfits,Khaadi,Zainab chotani,",1,"freetext"
"Yes.",1,"freetext"
"Yes they all are boutique style",1,"freetext"
"Yes stitched",1,"freetext"
"Yes customised",1,"freetext"
"Xenia Formal",1,"freetext"
"Worn once for my wedding day.",1,"freetext"
"Windsor and Lux",1,"freetext"
"Whole piece is hand worked",1,"freetext"
"Wellgroomed",1,"freetext"
"Well groomed",1,"freetext"
"Wedding chaniya choli collection",1,"freetext"
"wear ego",1,"freetext"
"We are manufacturer of lehenga choli, Salwar Kameez, Saree.",1,"freetext"
"Was from a boutique in India",1,"freetext"
"Wardrobe by keerat",1,"freetext"
"Walkeze",1,"freetext"
"Walkeaze",1,"freetext"
"Walia Jones",1,"freetext"
"W and wishful",1,"freetext"
"Vvani Vats",1,"freetext"
"Vivah-Surat",1,"freetext"
"Virmoya",1,"freetext"
"Vinnie’s Boutique",1,"freetext"
"vinnies Boutique",1,"freetext"
"View video for reference",1,"freetext"
"Veena Paul",1,"freetext"
"Vbhushan",1,"freetext"
"Vasuda Studio",1,"freetext"
"Vastra Boutique",1,"freetext"
"Vasansi Jaipur",1,"freetext"
"vark by westside, India",1,"freetext"
"Vark",1,"freetext"
"various designer",1,"freetext"
"Various brand",1,"freetext"
"Vans Ethnics",1,"freetext"
"Vancouver Cloth House",1,"freetext"
"Van Huesen",1,"freetext"
"vallabh designs, Vadodara",1,"freetext"
"Valentino",1,"freetext"
"Utsav Fashion",1,"freetext"
"Utsav",1,"freetext"
"Usman Wahid",1,"freetext"
"Unknown Indian designer",1,"freetext"
"Unknown . unk",1,"freetext"
"UNKNOW",1,"freetext"
"unkniown",1,"freetext"
"UNK   bought at India sari Palace from India online",1,"freetext"
"Unk",1,"freetext"
"unique style",1,"freetext"
"Unique Bradford",1,"freetext"
"umsha barbar",1,"freetext"
"umkown",1,"freetext"
"Ultimate wear, B.T.C. Garment",1,"freetext"
"UB design",1,"freetext"
"Tyohar brand",1,"freetext"
"twat",1,"freetext"
"Turkish",1,"freetext"
"tszt",1,"freetext"
"Trusted Indian Brand",1,"freetext"
"Tribal",1,"freetext"
"Trending suit",1,"freetext"
"Traditional uppada",1,"freetext"
"Traditional lehenga",1,"freetext"
"Traditional embroidery dress",1,"freetext"
"tote bag",1,"freetext"
"Torani India",1,"freetext"
"topshop",1,"freetext"
"TJ Collection",1,"freetext"
"Tissue silk grey",1,"freetext"
"Tissue pure silk",1,"freetext"
"Tirumala, Mumbai",1,"freetext"
"TiaFashion",1,"freetext"
"Tia Choudhry",1,"freetext"
"Thredz",1,"freetext"
"Threads&Motifs",1,"freetext"
"threads and motifz",1,"freetext"
"This is not a designer outfit",1,"freetext"
"this is not a designer i purchase on a local store like chandni chawk.in delhi",1,"freetext"
"This is a brand new pure ajrakh handblock print saree handpicked from artisans",1,"freetext"
"This has bought from renowned showroom ""Thakurs""",1,"freetext"
"This dress is from a Delhi based designer.",1,"freetext"
"These were stitched",1,"freetext"
"These were made for me but are small",1,"freetext"
"There were no designers at the time just high end shops",1,"freetext"
"The Wed Shoppe",1,"freetext"
"the Punjaban Designer studio",1,"freetext"
"The Pink Mirror, Calcutta",1,"freetext"
"the loom",1,"freetext"
"The Lehenga set is inspired by famous Sabyasachi design",1,"freetext"
"The Indian Bridal Company",1,"freetext"
"Thakur’s lehengas",1,"freetext"
"Thakur G - Vadodara, India",1,"freetext"
"TGi Kids USA",1,"freetext"
"Textlime",1,"freetext"
"Teri meri boutique",1,"freetext"
"Tawakal",1,"freetext"
"Tavisha",1,"freetext"
"Tassels PK",1,"freetext"
"Taruni stores",1,"freetext"
"Tarrang",1,"freetext"
"Tand Taani",1,"freetext"
"Tamanna Kapoor",1,"freetext"
"tailored",1,"freetext"
"Tailor made",1,"freetext"
"Tabeer Sadiq Rehman",1,"freetext"
"Tabbya",1,"freetext"
"Tabassum Haroon",1,"freetext"
"Tabassum",1,"freetext"
"swag India",1,"freetext"
"Suta",1,"freetext"
"Surya Ethnicwear",1,"freetext"
"Suruchi Parakh",1,"freetext"
"Sureena Chowdhri",1,"freetext"
"Surbhi shah - Jaipur",1,"freetext"
"Superna and samiya from punjab",1,"freetext"
"sunshine designer in IG",1,"freetext"
"sunnys bridal",1,"freetext"
"Sunnia Manahil",1,"freetext"
"sundar",1,"freetext"
"sumaya",1,"freetext"
"Suman Handa",1,"freetext"
"Sumaira Aurangzeb",1,"freetext"
"Sulakshana Monga",1,"freetext"
"sukanyafashions kolkata westbengal",1,"freetext"
"suits",1,"freetext"
"Suit patiala shahi",1,"freetext"
"Sufuse by sana yasir",1,"freetext"
"Sudhirbhai",1,"freetext"
"stylo",1,"freetext"
"Style Junkie",1,"freetext"
"Style In Boutique (Pakistani custom/tailored designer)",1,"freetext"
"Studio Tareef",1,"freetext"
"Studio Iris",1,"freetext"
"String and Thread",1,"freetext"
"Store Brought",1,"freetext"
"store",1,"freetext"
"Stitched By Tailor",1,"freetext"
"Stitch",1,"freetext"
"SS designers",1,"freetext"
"ss",1,"freetext"
"Srishti, W by Pantaloons",1,"freetext"
"Spotlight official",1,"freetext"
"Sparkly",1,"freetext"
"Sparkle Girls wear",1,"freetext"
"sparkle",1,"freetext"
"sowmya coture",1,"freetext"
"Sowears",1,"freetext"
"Sowear",1,"freetext"
"Southex New Delhi store.",1,"freetext"
"Soraya",1,"freetext"
"Sonu designer studio",1,"freetext"
"Sonas Couture",1,"freetext"
"sohaye by dinner’s",1,"freetext"
"Sobia Nazir - House of Faiza UK",1,"freetext"
"SO KAMAL",1,"freetext"
"Sky blue fully sequenced saree with sequenced blouse",1,"freetext"
"SK Orchid",1,"freetext"
"Sionnah",1,"freetext"
"Simran Exclusive",1,"freetext"
"Silāii",1,"freetext"
"Silons Birmingham",1,"freetext"
"silky",1,"freetext"
"Silk India",1,"freetext"
"Silhouette",1,"freetext"
"Siddhartha Bansal",1,"freetext"
"Shyam Prasad",1,"freetext"
"Shwetanga",1,"freetext"
"shweta jewellery",1,"freetext"
"shrara",1,"freetext"
"shops",1,"freetext"
"shobitham",1,"freetext"
"shobitam",1,"freetext"
"Shloka Khialani",1,"freetext"
"Shiv Krupa",1,"freetext"
"Shifnoz",1,"freetext"
"Shiba Mir",1,"freetext"
"Sherri Hill",1,"freetext"
"Shehzadi",1,"freetext"
"Sheetal designer suits",1,"freetext"
"sheetal batra",1,"freetext"
"Sheen by shaista",1,"freetext"
"Sheemat",1,"freetext"
"Shazia kiyani",1,"freetext"
"Shatranj",1,"freetext"
"Sharara set",1,"freetext"
"Shanzay Anoushay",1,"freetext"
"shamooz",1,"freetext"
"sham fashions",1,"freetext"
"Shalwar kameez",1,"freetext"
"Shakuntlam xclusif",1,"freetext"
"Shakumbhari Couture",1,"freetext"
"Shakeel’s by Zeeshan Danish",1,"freetext"
"Shakeels by Zeeshan Danish",1,"freetext"
"Shaifali & Satya",1,"freetext"
"Shahi styles",1,"freetext"
"shabad trends",1,"freetext"
"SFK sadaf fawad khan",1,"freetext"
"Sequins",1,"freetext"
"Sequin work sleeve less slawar 
Short top with palazzo pants plain",1,"freetext"
"sequence",1,"freetext"
"Senso",1,"freetext"
"Self customisation",1,"freetext"
"Sehej Trendz",1,"freetext"
"Seerat boutique",1,"freetext"
"Seemen jamot",1,"freetext"
"seema saree",1,"freetext"
"Seema Nanda",1,"freetext"
"Seema London",1,"freetext"
"Seema Gujral X Rose Creations",1,"freetext"
"Seema Batra",1,"freetext"
"Seema (London)",1,"freetext"
"Season’s Mumbai",1,"freetext"
"Seasons Santacruz outlet",1,"freetext"
"Seasons India",1,"freetext"
"Sayuri",1,"freetext"
"Saya",1,"freetext"
"Satguru Silk and Sarees",1,"freetext"
"Sass & Bide",1,"freetext"
"saree room",1,"freetext"
"SaraJabeen",1,"freetext"
"Sara Zara",1,"freetext"
"Sara Samia",1,"freetext"
"SANYA GULATI",1,"freetext"
"sanskriti_aus",1,"freetext"
"SanJ",1,"freetext"
"Sania Maskatiya inspired print. High quality stitching. The material is original Sania.",1,"freetext"
"Sania Maskatiya ( Pakistani designer",1,"freetext"
"Sandhya's Plus",1,"freetext"
"Sana’s",1,"freetext"
"sanaa safinaz",1,"freetext"
"Sana shaikh",1,"freetext"
"sana safuna",1,"freetext"
"Sana safinaz shalwar",1,"freetext"
"Sana Safinas
Generation
Khaadi
Maria B",1,"freetext"
"Sana bridal",1,"freetext"
"Samsung",1,"freetext"
"sample suit",1,"freetext"
"Samir Mantri",1,"freetext"
"Sam",1,"freetext"
"salwar suits",1,"freetext"
"Salwar suit stitched by personal tailor.
Size 42",1,"freetext"
"Saluja- Ludhiana",1,"freetext"
"Saluja fashion mom&me",1,"freetext"
"Salt and Spring",1,"freetext"
"Saloni Singhi",1,"freetext"
"Salman",1,"freetext"
"Salma",1,"freetext"
"Sajni Fashion",1,"freetext"
"Sajawaat",1,"freetext"
"saira rizwan",1,"freetext"
"SAIBIA by Wajiha Shoaib",1,"freetext"
"Sai fashions",1,"freetext"
"Sai Bridal",1,"freetext"
"Sadia Tariq (Pakistani designer)",1,"freetext"
"Sadia Junaid",1,"freetext"
"Sachdeva",1,"freetext"
"Sabyaschi style",1,"freetext"
"Sabyasanchi dupe",1,"freetext"
"Sabyasachi Mukherjee",1,"freetext"
"Sabyasachi look",1,"freetext"
"Sabyasachi Inspiration",1,"freetext"
"Sabyasachi blouse cut",1,"freetext"
"sabyasach",1,"freetext"
"Sabiyata",1,"freetext"
"Sabinda Boutique",1,"freetext"
"Sabhyata",1,"freetext"
"Sab e Noor",1,"freetext"
"Saad Shaikh",1,"freetext"
"Saachi Melbourne",1,"freetext"
"SA creations",1,"freetext"
"Rytras",1,"freetext"
"Rutegh",1,"freetext"
"Rupamani",1,"freetext"
"Roshan Delhi India",1,"freetext"
"Roopkala Design inspired by Seema Gujral",1,"freetext"
"ROOPAZ Collection",1,"freetext"
"Roopam",1,"freetext"
"roop vatika by raj arora",1,"freetext"
"Roop kala",1,"freetext"
"Romeo Juliette",1,"freetext"
"Rohit Bal",1,"freetext"
"Roaming kids",1,"freetext"
"Rizwan mauzam",1,"freetext"
"Rizwan",1,"freetext"
"Riwayat boutique based on Lawrence Road in Amritsar",1,"freetext"
"Riwaaz Boutique Ludhiana",1,"freetext"
"Ritu Tandon",1,"freetext"
"Rithika",1,"freetext"
"Rishh Designs",1,"freetext"
"RIDHI SURI",1,"freetext"
"Ridhi Sidhi creations",1,"freetext"
"Ridhi Mehra",1,"freetext"
"Richa Creation",1,"freetext"
"Ricco India",1,"freetext"
"Rianta’s",1,"freetext"
"Riantas Royal",1,"freetext"
"Riantas",1,"freetext"
"Rianta",1,"freetext"
"retail store",1,"freetext"
"Resham & Revaj",1,"freetext"
"Resha by Mirika",1,"freetext"
"Republic Women's wear",1,"freetext"
"Republic Wear",1,"freetext"
"Republic",1,"freetext"
"replica of anita dongre",1,"freetext"
"Reign Pakistan",1,"freetext"
"Rehana Gagai",1,"freetext"
"reet’s Attire",1,"freetext"
"readymade",1,"freetext"
"Ready to wear",1,"freetext"
"Raw silk Kurti and salwar not sure of the fabric but not cotton.",1,"freetext"
"Rashid Malik - RDC London",1,"freetext"
"Rashi",1,"freetext"
"Rashda",1,"freetext"
"Ranos",1,"freetext"
"Rani Emaan",1,"freetext"
"Rangoli",1,"freetext"
"Rang Rasiya",1,"freetext"
"Rang Mehal",1,"freetext"
"rang e hayaa",1,"freetext"
"Ranbir Mukerjee",1,"freetext"
"Rajdeep Ranawat",1,"freetext"
"Rajashree Bridal Studio",1,"freetext"
"Raja Salahuddin",1,"freetext"
"Raja Rani Store Brampton",1,"freetext"
"raj khaira",1,"freetext"
"Rahul Mishra",1,"freetext"
"Rahul Anand Anushka laul",1,"freetext"
"Rage",1,"freetext"
"Rafia.pk",1,"freetext"
"Radhika Arora",1,"freetext"
"Rachel Allan",1,"freetext"
"rabnoor",1,"freetext"
"Rabia Zahur",1,"freetext"
"Raaz",1,"freetext"
"Raas - Mumbai",1,"freetext"
"raas",1,"freetext"
"Raaba by ekta",1,"freetext"
"R- studio",1,"freetext"
"R&S",1,"freetext"
"R studio",1,"freetext"
"R K Fashion",1,"freetext"
"R K designer dresses",1,"freetext"
"r & m Richard’s",1,"freetext"
"Queens’s couture",1,"freetext"
"Queens Couture ( Punjab)",1,"freetext"
"Qree",1,"freetext"
"Qalamkar, Afrozeh",1,"freetext"
"Purvi Parikh",1,"freetext"
"purnima collections",1,"freetext"
"purnima",1,"freetext"
"Pure kanjeevaram (Famous south Indian Very soft, pure silk famous and precious south Indian Kanchi sari . Beautiful and wear's great and feel light. Gold real Zari . P
Pure zari gold pallu and border. Blouse with same material from the sari. Blouse . just i will put it in if interested",1,"freetext"
"Purchased in bombay",1,"freetext"
"Purchased from Sham fashion mall, Chandigarh",1,"freetext"
"purchased from sache",1,"freetext"
"Purchased from Mumbai market",1,"freetext"
"Purchased from Mongas",1,"freetext"
"Purchased from Bhagwati Fashions in Delhi",1,"freetext"
"Purchased from a wedding showroom in Punjab, India",1,"freetext"
"Punjabi suit",1,"freetext"
"Punjabi style",1,"freetext"
"punjaban designer",1,"freetext"
"Punit Balana",1,"freetext"
"pulkari",1,"freetext"
"professionally stiched from a boutique in India",1,"freetext"
"private Tailored",1,"freetext"
"Private elite costume designer Sandhya Raman from Delhi",1,"freetext"
"pritis collection",1,"freetext"
"Preeti S Kapoor",1,"freetext"
"precious by Miara",1,"freetext"
"Pre stitch pant sari",1,"freetext"
"Pratap",1,"freetext"
"Prataap Sons Jaipur",1,"freetext"
"Prasiddhi Silks Bangalore!",1,"freetext"
"praptis define studio",1,"freetext"
"Potli in different colors",1,"freetext"
"Pothys",1,"freetext"
"poshak",1,"freetext"
"Posh Pakistan",1,"freetext"
"Portmans",1,"freetext"
"Poppy Petals",1,"freetext"
"Poonam’s Kaurture",1,"freetext"
"Pooja Shroff",1,"freetext"
"pooja",1,"freetext"
"Pink multicoloured long dress with embroidery and beads with long duppta",1,"freetext"
"Pink kurta with colourful embroidery size XXL",1,"freetext"
"Pink Chocker jewelry set made in India",1,"freetext"
"Pink and blue lovely combination Lehenga with net dupatta. Blouse all stitched and worn only twice",1,"freetext"
"Phulkari Shoppe",1,"freetext"
"Phulkari design",1,"freetext"
"Phulkari By Roop",1,"freetext"
"PhaPosh",1,"freetext"
"Personal home designer",1,"freetext"
"Personal Handmade",1,"freetext"
"perry elis",1,"freetext"
"Pernia’s Pop Up",1,"freetext"
"Perina company",1,"freetext"
"Perfection House",1,"freetext"
"Perfect boutique",1,"freetext"
"peeacock",1,"freetext"
"Pearl Sekhon",1,"freetext"
"Peaches",1,"freetext"
"peach project",1,"freetext"
"Payal Singhal",1,"freetext"
"Payal Prasand Liverpool",1,"freetext"
"Payal Malhortha",1,"freetext"
"Payal & Zinal",1,"freetext"
"pawan and pranav",1,"freetext"
"Patola",1,"freetext"
"Patiala Boutique Made",1,"freetext"
"Patiala",1,"freetext"
"Passion Bridal Boutique",1,"freetext"
"Parul Gandhi",1,"freetext"
"party wear designer",1,"freetext"
"Party lehenga",1,"freetext"
"Paris beauty, made in India",1,"freetext"
"papaya",1,"freetext"
"Papa Don’t Preach Me",1,"freetext"
"Papa Don’t Preach by Shubhika",1,"freetext"
"papa don't preach replica",1,"freetext"
"PANGHAT SURAT",1,"freetext"
"Panash India",1,"freetext"
"Panache Haute Couture",1,"freetext"
"Panache",1,"freetext"
"Pallavi Goyal",1,"freetext"
"palki",1,"freetext"
"pakitan",1,"freetext"
"Pakistani/Indian",1,"freetext"
"Pakistani PFDC",1,"freetext"
"pakistani kurtha",1,"freetext"
"pakistani hand embrodery",1,"freetext"
"Pakistani festival dresses",1,"freetext"
"Pakistani elehe",1,"freetext"
"Pakistani designer hussain rehar",1,"freetext"
"Pakistani designer bonanza",1,"freetext"
"Pakistani custom made",1,"freetext"
"Pakistani branded dress",1,"freetext"
"Pakistani brand limelight",1,"freetext"
"Pakistani brand",1,"freetext"
"Pakistani boutique",1,"freetext"
"Pagli - Mumbai",1,"freetext"
"pachi kundan",1,"freetext"
"Paaneri Mumbai",1,"freetext"
"own production",1,"freetext"
"Own designed lengha",1,"freetext"
"Own designed",1,"freetext"
"own design",1,"freetext"
"own deaign",1,"freetext"
"own brand",1,"freetext"
"Origami",1,"freetext"
"Organza saree with fall bidding done.
Matching peticoat 
Stitched blouse size 8 to 10",1,"freetext"
"Organza material 
Easy to drape",1,"freetext"
"Oodni boutique",1,"freetext"
"Only worn once.",1,"freetext"
"Online",1,"freetext"
"One minute saree US",1,"freetext"
"one knot one - Medium",1,"freetext"
"one knot one",1,"freetext"
"Omega Bridals",1,"freetext"
"Ombre designs",1,"freetext"
"off-brand",1,"freetext"
"off brand",1,"freetext"
"occasion wear/ medium",1,"freetext"
"NS collection",1,"freetext"
"Not sure, might be custom made",1,"freetext"
"Not sure of name. Purchased in India for ceremony in 2023. Worn once . Dry cleaned",1,"freetext"
"not sure forgotten",1,"freetext"
"Not sure but think its Dharmavram  brand South Indian  sari next to Kanjeevaram in fabric style.",1,"freetext"
"Not specified designer",1,"freetext"
"not mentioning",1,"freetext"
"Not known. Pure cotton sari",1,"freetext"
"Not from a specific designer",1,"freetext"
"Not designer purchased from Monga’s UK",1,"freetext"
"not available",1,"freetext"
"Not any designer blouses. Vintage. Old fashion regular wear but matches lot of saris Plain colors",1,"freetext"
"Not a designer suit",1,"freetext"
"Not a designer outfit",1,"freetext"
"Not a designer made",1,"freetext"
"Not a big named designer",1,"freetext"
"Not",1,"freetext"
"normally",1,"freetext"
"normal",1,"freetext"
"Noorie",1,"freetext"
"Noor Collection",1,"freetext"
"noor",1,"freetext"
"None.",1,"freetext"
"None however design is inspired from a pakistani designer",1,"freetext"
"non-hand made",1,"freetext"
"non branded",1,"freetext"
"Nomi",1,"freetext"
"Noman n Bhaiya",1,"freetext"
"NOMAN AND BHAIYA from Pakistan",1,"freetext"
"No- brand",1,"freetext"
"No, specific designer. Selling for $80 each.",1,"freetext"
"No specific Designer",1,"freetext"
"No name brand lol",1,"freetext"
"No idea, was sent to me by my parents in India.  Amount is in rupees",1,"freetext"
"No idea removed the tag unfortunately",1,"freetext"
"No designer, bought from a shop in Birmingham for £1500",1,"freetext"
"No but Boutique work",1,"freetext"
"no brand, Karandi fabric",1,"freetext"
"no body",1,"freetext"
"Nn",1,"freetext"
"Nishat",1,"freetext"
"Nishant Creation from Mumbai",1,"freetext"
"Nip",1,"freetext"
"Nine West",1,"freetext"
"Nin Designer",1,"freetext"
"Nidhika Shekhar",1,"freetext"
"NICOLI",1,"freetext"
"Nickie Nina",1,"freetext"
"Nice dress",1,"freetext"
"New without tag",1,"freetext"
"New made in India Wedding Grooms with Pajama  plain  pant",1,"freetext"
"New free size sari skirt can fit from small to large size.",1,"freetext"
"Never before will fit slim girl/woman",1,"freetext"
"Net lehenga. I have never worn due to sizing issue.",1,"freetext"
"Net embroidery blouse pink",1,"freetext"
"net 
net
chiffon",1,"freetext"
"Nepmart",1,"freetext"
"Nepali botique",1,"freetext"
"Nepali",1,"freetext"
"Nepalese designer oodni boutique",1,"freetext"
"Neerus",1,"freetext"
"Needle & Thread",1,"freetext"
"Nazo Couture",1,"freetext"
"Nazjunaid",1,"freetext"
"Navkar ethnic",1,"freetext"
"Natasha Kamal",1,"freetext"
"Narmin lakhani",1,"freetext"
"Narayan",1,"freetext"
"Nameera by Farooq",1,"freetext"
"Namah by Parul Mongia, made in Delhi",1,"freetext"
"nakoush",1,"freetext"
"nakoosh",1,"freetext"
"Nakkijehan Collection.",1,"freetext"
"Nach , aanchals",1,"freetext"
"N/A - Unknown",1,"freetext"
"MYYSIE",1,"freetext"
"Mysore Udyog",1,"freetext"
"Myras",1,"freetext"
"Myra",1,"freetext"
"myntra",1,"freetext"
"Mushq PK",1,"freetext"
"Musferah Saad",1,"freetext"
"Mumbai based",1,"freetext"
"Mukhtar",1,"freetext"
"Mugdha studio",1,"freetext"
"Mugdha",1,"freetext"
"Mrunalini Rao",1,"freetext"
"Mr & Mrs",1,"freetext"
"Motifz",1,"freetext"
"Moolchand Sons and Paaneri Exim",1,"freetext"
"Moolchand Sons",1,"freetext"
"Mongas shop",1,"freetext"
"MONGAS LENGHA",1,"freetext"
"Mongas England",1,"freetext"
"Monga's",1,"freetext"
"Mona's by Ally's",1,"freetext"
"Mona lisa pearl necklace set with tikka
Light weight
Flaunting beauty 
Beautiful colours available",1,"freetext"
"Mona by Ally's",1,"freetext"
"Moms saree",1,"freetext"
"Moj Official",1,"freetext"
"Mohsins",1,"freetext"
"Mohsin Sons Pakistan",1,"freetext"
"MOHSIN Naveee Ranjha",1,"freetext"
"Mohsin Naveed Ranga",1,"freetext"
"Mohsin Ali ranjha (Replica)",1,"freetext"
"Mohey Manyavaar",1,"freetext"
"Mohey",1,"freetext"
"Moha",1,"freetext"
"Moh-Manthan",1,"freetext"
"moh creations",1,"freetext"
"MMG Garments",1,"freetext"
"Misl",1,"freetext"
"Misha Lakhani Pakistan",1,"freetext"
"Misch B Couture",1,"freetext"
"Mirraw : Indian Brand",1,"freetext"
"Mirraw",1,"freetext"
"Mirpur Benaroshi polli",1,"freetext"
"Mirana",1,"freetext"
"Mira",1,"freetext"
"Minny Basra",1,"freetext"
"Minni minor",1,"freetext"
"Mini Minors",1,"freetext"
"Mina hassan inspired",1,"freetext"
"Mimco",1,"freetext"
"Mika couture",1,"freetext"
"Meraki Designer",1,"freetext"
"Meraj",1,"freetext"
"Mellisa",1,"freetext"
"Melbourne boutique",1,"freetext"
"Melbourne",1,"freetext"
"meher by Shrimati",1,"freetext"
"Mehar punjab design",1,"freetext"
"Mehak Murpana",1,"freetext"
"Meera By Poornima Sharma",1,"freetext"
"Meenz Bazaar",1,"freetext"
"Meenu Kumar Collections",1,"freetext"
"Meena Vazar, Delhi",1,"freetext"
"Meena Gurnam",1,"freetext"
"Meena Bazaar - Chandigarh Sec 17",1,"freetext"
"medium size",1,"freetext"
"mebaz",1,"freetext"
"Me only",1,"freetext"
"Mayum N Maria",1,"freetext"
"mayum Hussain",1,"freetext"
"Mayas Desi Boutique",1,"freetext"
"Maxima mahajan
Gaurav Gupta
Others",1,"freetext"
"Maxi dress custom made to measure.",1,"freetext"
"Max Fashion",1,"freetext"
"Max and shezone",1,"freetext"
"Matsya",1,"freetext"
"Material unknown .",1,"freetext"
"Masayaan Angels",1,"freetext"
"Masal",1,"freetext"
"Maryum & maria",1,"freetext"
"Maryam hussain collection",1,"freetext"
"maryam and maria",1,"freetext"
"Marwar",1,"freetext"
"Marshall Marshala",1,"freetext"
"Marshall Marsala",1,"freetext"
"Mariya Atif",1,"freetext"
"Marium n maria",1,"freetext"
"Maria’s B",1,"freetext"
"Maria.b",1,"freetext"
"Maria b, Asim jofa, Sana safinaz etc",1,"freetext"
"Maria b pakistani designer",1,"freetext"
"Maria B Pakistan",1,"freetext"
"Maria B medium size",1,"freetext"
"Maria b inspired",1,"freetext"
"Maria B , Sana safinaz",1,"freetext"
"Maria B (Pakistani)",1,"freetext"
"Maria B (Pakistan)",1,"freetext"
"manyawar",1,"freetext"
"Manyavar Mohey",1,"freetext"
"Manyavar Mohay",1,"freetext"
"Manyavar & Mohey",1,"freetext"
"Manyavaar",1,"freetext"
"Many different ones",1,"freetext"
"Mannat",1,"freetext"
"Manish Rai",1,"freetext"
"Manish Malhotra Dupe",1,"freetext"
"Mani Bhatia",1,"freetext"
"Manbhaawan by Darshika",1,"freetext"
"Malhaar",1,"freetext"
"Maira Fashion",1,"freetext"
"Mahum Asad",1,"freetext"
"Mahima Mahajan. Sells on her own site and also Pernia’s pop up shop and Aza stores in India",1,"freetext"
"Maher by shrimati",1,"freetext"
"Maharani collection",1,"freetext"
"Maharaja Fashions",1,"freetext"
"made to measure stitched up",1,"freetext"
"made to measure",1,"freetext"
"Made on order design",1,"freetext"
"Made on order by T.A collections",1,"freetext"
"made in pakistan, hand embrodery",1,"freetext"
"Made in India Store",1,"freetext"
"Made from boutique",1,"freetext"
"Made by different designers",1,"freetext"
"Mac Duggal",1,"freetext"
"Maayera Jaipur",1,"freetext"
"M&M",1,"freetext"
"M boutique",1,"freetext"
"Luxury lifestyle",1,"freetext"
"Lux fashion surrey",1,"freetext"
"lubna saboor",1,"freetext"
"Louis Vuitton",1,"freetext"
"Louis Philippe",1,"freetext"
"Loose fit yellow cotton lawn sharara with floral print",1,"freetext"
"Look’s Boutique - Ahmedabad",1,"freetext"
"Locally sourced from a boutique in sydney",1,"freetext"
"locally bought in India",1,"freetext"
"Local store purchase",1,"freetext"
"Local shops in india from Baroda city",1,"freetext"
"local Perth markets",1,"freetext"
"Local pakistani brand",1,"freetext"
"Local market",1,"freetext"
"Local Indian store",1,"freetext"
"Local Indian Designer",1,"freetext"
"Local from Ahmedabad",1,"freetext"
"Local designer Nylas",1,"freetext"
"local designer near ncr delhi",1,"freetext"
"local designer in jalandhar",1,"freetext"
"local design",1,"freetext"
"Local boutique in India",1,"freetext"
"Liz Paul",1,"freetext"
"Little Muffets",1,"freetext"
"Limelight brand",1,"freetext"
"Lilac lehenga saree in a M the skirt is a bit big but has string on the side to adjust the skirt.",1,"freetext"
"like deigner",1,"freetext"
"Like brand new",1,"freetext"
"Light green salwar",1,"freetext"
"Libas",1,"freetext"
"Libaas-E-Khaas",1,"freetext"
"Libaas",1,"freetext"
"let’s",1,"freetext"
"Lengha is inspired by designs of ritu bal",1,"freetext"
"leisure club",1,"freetext"
"Lehga belt and zip needs to be fixed as I had to adjust to my size",1,"freetext"
"Lehenga is inspired from Jayanti reddy Collection",1,"freetext"
"Lehenga choli",1,"freetext"
"lehanga",1,"freetext"
"Leena from Delhi. She designs and tailors clothing for men and women. She does this on recommendation only. You tell her what you want. Pink was the theme for the wedding. Everyone, both men and women had to wear pink/ shades of it n",1,"freetext"
"LAZZLY",1,"freetext"
"Lawn cotton salwer xl",1,"freetext"
"Lavish bridals Canada",1,"freetext"
"lavish",1,"freetext"
"Laughing Llama",1,"freetext"
"Lasoon",1,"freetext"
"LASHKARAA Lehnga",1,"freetext"
"Lashkaara",1,"freetext"
"Larger kundan jumka peach $25
Small jumka peach $5
Long cocktail earrings $10",1,"freetext"
"Lamis & Hanna",1,"freetext"
"Laleen",1,"freetext"
"Lakshita",1,"freetext"
"lady club (from pakistan)",1,"freetext"
"Label Shaurya Sanadhya",1,"freetext"
"Label Sanya Gulati",1,"freetext"
"Label Prerna Mehra",1,"freetext"
"Label Pooja Gupta",1,"freetext"
"Label Nimbus",1,"freetext"
"Label Kanupriya",1,"freetext"
"Label BAANI (customized FROM BOUTIQUE)",1,"freetext"
"Laam Mehr design studio",1,"freetext"
"La Pink",1,"freetext"
"La Glits",1,"freetext"
"Kyles",1,"freetext"
"Kurtha set women",1,"freetext"
"Kowshki couture",1,"freetext"
"Korea",1,"freetext"
"Klimt by Feroze Gandhi",1,"freetext"
"kisha collection",1,"freetext"
"kirtismarketplace",1,"freetext"
"Kiran's",1,"freetext"
"Kiran Lally",1,"freetext"
"Kids Pakistani designer",1,"freetext"
"Khushboo's by Chand",1,"freetext"
"khushboo by chand",1,"freetext"
"khuda baksh",1,"freetext"
"Khan Nawab",1,"freetext"
"khadija batool",1,"freetext"
"Khaddi, gul Ahmed, ethinics generations etc.",1,"freetext"
"Khaddi, ethinics etc.",1,"freetext"
"Khaddi khas",1,"freetext"
"Khaddi khad",1,"freetext"
"khaddi",1,"freetext"
"Khaadi Kurta and dupatta.",1,"freetext"
"Khaadi khaas Pakistan",1,"freetext"
"Khaadi Khaas",1,"freetext"
"Kay",1,"freetext"
"Kavya",1,"freetext"
"Kaushalya",1,"freetext"
"Kaushalaya",1,"freetext"
"KAUR COLLECTION, BLACKTOWN",1,"freetext"
"kasmiri Aari work",1,"freetext"
"Kashmir cloth",1,"freetext"
"kashee’s",1,"freetext"
"Kashees Bridal design",1,"freetext"
"karma creation",1,"freetext"
"Karma",1,"freetext"
"Karisma wedding mall",1,"freetext"
"karishma",1,"freetext"
"Kanyvar",1,"freetext"
"kanyavar",1,"freetext"
"Kanjivaram",1,"freetext"
"Kanch i sari . Pure silk pure gold zari  with gold zari border",1,"freetext"
"Kanak Designs",1,"freetext"
"Kamal Bhai Chandni Chawk:  (@kamalbhaisareesangam)",1,"freetext"
"Kamakshi India",1,"freetext"
"Kalki Fashions",1,"freetext"
"Kalki brand",1,"freetext"
"Kalista",1,"freetext"
"kalamandhir",1,"freetext"
"Kalakunj",1,"freetext"
"Kala Mandir",1,"freetext"
"Kajal couture (surat)",1,"freetext"
"kaalki",1,"freetext"
"K K Garment",1,"freetext"
"k",1,"freetext"
"junaid shamshed",1,"freetext"
"Junaid Jamshed (teen)",1,"freetext"
"Junaid Jamshaid",1,"freetext"
"Junaid jamshad",1,"freetext"
"Jumkiies and necklace sets",1,"freetext"
"Jumana Potia",1,"freetext"
"JSK Exclusive",1,"freetext"
"Jolampara",1,"freetext"
"john",1,"freetext"
"Jiya by Veer",1,"freetext"
"Jinaam | Mumbai",1,"freetext"
"Jinaam",1,"freetext"
"Jhalak",1,"freetext"
"Jewelrynart",1,"freetext"
"Jeem",1,"freetext"
"JDot",1,"freetext"
"Jdjdn",1,"freetext"
"Jazz Store",1,"freetext"
"Jazmine dress 
Brand new",1,"freetext"
"Jayanti Reddy Red Lengha  with blouse",1,"freetext"
"Jayanti Reddy",1,"freetext"
"Jayalakshmi Silks",1,"freetext"
"Jass punia boutique",1,"freetext"
"Jashn",1,"freetext"
"jaipuri",1,"freetext"
"Jaipur",1,"freetext"
"Jade by Monika & Karishma",1,"freetext"
"J. Pakistani designer",1,"freetext"
"It’s not a renowned designer article but from an expensive showroom in India",1,"freetext"
"It’s not a designer brand.",1,"freetext"
"It’s normal saree",1,"freetext"
"It’s from local store in Jalandhar where we shop often and they carry all latest designs.",1,"freetext"
"It’s a designer kurta set from Manyavar",1,"freetext"
"It’s a custom made suit",1,"freetext"
"Its off white color with beautiful pearl top or blouse
Net duppata and gorgeous lehnga outfit",1,"freetext"
"Its Indian designer",1,"freetext"
"Its from Rhythm creation Brampton",1,"freetext"
"its customised garara in new condition . wore only for 3/4 hrs. chiffon shirt with net dupatta",1,"freetext"
"Its a saree with no brand as such",1,"freetext"
"Its a heavy formal wear Gown.",1,"freetext"
"It's beautiful sharra suit eiyh dupatta",1,"freetext"
"It's a beautiful anarkali , can be worn as a dress too",1,"freetext"
"It was made in Jullandhar .. orbital packaging",1,"freetext"
"it was from a boutique in India",1,"freetext"
"It is unique boutique piece.",1,"freetext"
"It is readymade which I have bought & Am not using it now",1,"freetext"
"It is Indian dress",1,"freetext"
"It is from a local shop",1,"freetext"
"it is from a designer store",1,"freetext"
"It is a outfit from a local shop",1,"freetext"
"is ok",1,"freetext"
"IQBAL HUSAIN",1,"freetext"
"Inspired by SORAYA",1,"freetext"
"Inspired by Shilpa Shetty's style",1,"freetext"
"Inspired by Sadaf Fawad Khan Bridals",1,"freetext"
"Inspired by Ritu kumar designs",1,"freetext"
"Inspired by Pitambara by Manisha",1,"freetext"
"Inspired by Maria b",1,"freetext"
"Inspired by haris shakeel",1,"freetext"
"inspired by faraz manaan",1,"freetext"
"Infinity Collections",1,"freetext"
"Indo-western one piece",1,"freetext"
"Indo western",1,"freetext"
"Indie Loom",1,"freetext"
"Indian-Designer",1,"freetext"
"Indian size XL",1,"freetext"
"Indian shop",1,"freetext"
"Indian saree",1,"freetext"
"Indian RMKV",1,"freetext"
"Indian pakistani weeding lehnga",1,"freetext"
"Indian make",1,"freetext"
"Indian lehnga",1,"freetext"
"Indian Kurt ready made",1,"freetext"
"Indian Ethnic Wear",1,"freetext"
"Indian Ethnic Brand",1,"freetext"
"Indian ethnic",1,"freetext"
"Indian dress",1,"freetext"
"Indian designers",1,"freetext"
"Indian designer Saree",1,"freetext"
"Indian Designer - Oracra",1,"freetext"
"Indian designed custom made to measure.",1,"freetext"
"Indian brand",1,"freetext"
"Indian boutique piece",1,"freetext"
"Indian anonymous",1,"freetext"
"Indian and stitched beautifully",1,"freetext"
"Indian and pakisthani design",1,"freetext"
"India boutique",1,"freetext"
"INAYAH",1,"freetext"
"Imroza",1,"freetext"
"ILace",1,"freetext"
"Idahoo",1,"freetext"
"Idaho",1,"freetext"
"I used to sell clothes my own design",1,"freetext"
"I love this lengha got from UK london",1,"freetext"
"I have many pure silk saris",1,"freetext"
"I got it made myself",1,"freetext"
"I got it custom made designed by Pinku",1,"freetext"
"I got customized",1,"freetext"
"I don’t know the designer, because i bought it from a woman who sells indian clothes.",1,"freetext"
"I don't know",1,"freetext"
"I do",1,"freetext"
"I designed it myself",1,"freetext"
"I designed",1,"freetext"
"I customized my lehenga from Chandni Chowk.",1,"freetext"
"I bought this second hand from someone who said she got it from Chandigarh. I’m unsure who the original designer is",1,"freetext"
"i bought it online at amazon",1,"freetext"
"Hussain Rehar design replica",1,"freetext"
"hukum sa",1,"freetext"
"https://www.lashkaraa.com/products/red-embroidered-tissue-anarkali",1,"freetext"
"HSY",1,"freetext"
"House of Zargham",1,"freetext"
"House of Shahana -India",1,"freetext"
"House of Musafir based in Australia",1,"freetext"
"House of Musafir",1,"freetext"
"house of Mohsin",1,"freetext"
"House of Masaba",1,"freetext"
"House of Krishathi",1,"freetext"
"house of kalra",1,"freetext"
"House of Hiya",1,"freetext"
"House Of Ahmed",1,"freetext"
"Hoor Qasim",1,"freetext"
"Honii Sandhu, Jas designer wear",1,"freetext"
"Holi Chic by Megha",1,"freetext"
"hl",1,"freetext"
"hifi boutique",1,"freetext"
"Hi-Fi",1,"freetext"
"HI fi boutique",1,"freetext"
"Hermes",1,"freetext"
"heritage Couture",1,"freetext"
"herione",1,"freetext"
"Hemant Trivedi",1,"freetext"
"Heena Kocchar",1,"freetext"
"Heavenly hues India",1,"freetext"
"Hatke Bride(Canada) website.",1,"freetext"
"Haseen’s official",1,"freetext"
"Haseens Official (Hooriya)",1,"freetext"
"haseen's",1,"freetext"
"Haseen",1,"freetext"
"Harris shakeel inspired",1,"freetext"
"Haris Ahmed",1,"freetext"
"Hardly wore twice",1,"freetext"
"Handstitched from India",1,"freetext"
"Handmade material",1,"freetext"
"Handmade Kutch blouse",1,"freetext"
"handmade in pakistan",1,"freetext"
"Handcrafted Lehenga.",1,"freetext"
"Hand made jewelry from india",1,"freetext"
"Hand made . No designer . Its a sari blouse Vintage",1,"freetext"
"Hand made",1,"freetext"
"Hand knitted",1,"freetext"
"hand embroidery",1,"freetext"
"Hand embroidered potli bag completely new. Color is off white made of fuson silk material with beaded belt.",1,"freetext"
"Han",1,"freetext"
"Hadiqa collection",1,"freetext"
"H.M",1,"freetext"
"H&M",1,"freetext"
"guru bazzar",1,"freetext"
"Guri Designer",1,"freetext"
"guop",1,"freetext"
"Gunghat",1,"freetext"
"GULU Deaigner Boutique",1,"freetext"
"Gulshan Saree",1,"freetext"
"gullu exclusives",1,"freetext"
"gullu",1,"freetext"
"Gulab Rang Suits",1,"freetext"
"gul ahmed ideas",1,"freetext"
"Gul ahmad",1,"freetext"
"Grover designs",1,"freetext"
"Green with contrast plazo",1,"freetext"
"Graceland",1,"freetext"
"Gown, with dupatta",1,"freetext"
"Gown from India",1,"freetext"
"Gown and suit",1,"freetext"
"Gotapatti House Jaipur",1,"freetext"
"Got made myself",1,"freetext"
"got it customized",1,"freetext"
"Gorgeous Banarasi Lehanga with intricate inner folds In pink and gold combination",1,"freetext"
"Gopi Vaid",1,"freetext"
"Golu designers",1,"freetext"
"golu",1,"freetext"
"Golden lace dress",1,"freetext"
"golden coin",1,"freetext"
"Gold lehnga",1,"freetext"
"GM",1,"freetext"
"Global Desi",1,"freetext"
"GlamEgance by Chandni",1,"freetext"
"glam fashion",1,"freetext"
"Glam 5 Boutique",1,"freetext"
"Getanjali",1,"freetext"
"georgette",1,"freetext"
"Generic",1,"freetext"
"Generation pakistani brand",1,"freetext"
"Generation brand",1,"freetext"
"Geeta couture",1,"freetext"
"Garara, gowns, dresses",1,"freetext"
"Ganpati’s",1,"freetext"
"Ganga sarees",1,"freetext"
"Frontier Bazar",1,"freetext"
"Frontier Bazaar",1,"freetext"
"From Zari",1,"freetext"
"From shops",1,"freetext"
"From Paaneri in India.",1,"freetext"
"From Katra Jaimul Singh, Amritsar",1,"freetext"
"From kanchi . Kanjeevaram saris",1,"freetext"
"From Hyderabad lad bazaar",1,"freetext"
"From DLF mall Noida",1,"freetext"
"from delhi",1,"freetext"
"From Cbazaar",1,"freetext"
"From a shop called Raas in Mumbai",1,"freetext"
"From a shop called Nishly in India.",1,"freetext"
"Friendship Store Mumbai India",1,"freetext"
"Friendship",1,"freetext"
"FOXDX",1,"freetext"
"Fish cut designer saree",1,"freetext"
"First copy Alia Bhatt wore the lehangha",1,"freetext"
"First copy",1,"freetext"
"festival",1,"freetext"
"Fervor Jewellery",1,"freetext"
"Femina outlets",1,"freetext"
"fd",1,"freetext"
"Fashion flare 
Customised stitching",1,"freetext"
"Fashion By Rohini",1,"freetext"
"fashion",1,"freetext"
"Farasha pk online",1,"freetext"
"Famous Authentic Kanjeevaram",1,"freetext"
"Falia Karim",1,"freetext"
"Fajr",1,"freetext"
"Faiza Saqli",1,"freetext"
"fabindia",1,"freetext"
"Fab India",1,"freetext"
"Evanscent",1,"freetext"
"Eva&Sangita",1,"freetext"
"Ethniks",1,"freetext"
"Ethnic sapphire Binsaeed’s",1,"freetext"
"Ethnic by Outfitters",1,"freetext"
"Ethnc.pk",1,"freetext"
"Ethnc Pk",1,"freetext"
"Ethinc",1,"freetext"
"Etc",1,"freetext"
"Estee Couture",1,"freetext"
"Esha Koul",1,"freetext"
"Ensemble",1,"freetext"
"Energie Striped Sweater – Size L",1,"freetext"
"Encourage Designers",1,"freetext"
"elite",1,"freetext"
"Eli & kim",1,"freetext"
"Elan inspired",1,"freetext"
"Elaf",1,"freetext"
"Elaan",1,"freetext"
"Eeksha",1,"freetext"
"eeasha kunal couture",1,"freetext"
"Edenrobe",1,"freetext"
"Dua Boutique",1,"freetext"
"Drishti and Zahabia",1,"freetext"
"Dressline",1,"freetext"
"Dotti",1,"freetext"
"Don’t remember name",1,"freetext"
"Dont know . Embroidery may be machine embroidery . Designer unknown 
Vintage sari",1,"freetext"
"Done by different designers",1,"freetext"
"DMV Khatri",1,"freetext"
"Djenabou’s lehenga",1,"freetext"
"Diyas",1,"freetext"
"Diwan Sahib",1,"freetext"
"diva by panache",1,"freetext"
"Diva by Doll",1,"freetext"
"Dipa myself",1,"freetext"
"Dior",1,"freetext"
"Diffeent",1,"freetext"
"Dhanak",1,"freetext"
"Dhaga fashions",1,"freetext"
"dfs",1,"freetext"
"Dewansons Liverpool Sydney",1,"freetext"
"Designer v vani vat",1,"freetext"
"designer Saree",1,"freetext"
"Designer heavy work gown",1,"freetext"
"Designer from Nepal",1,"freetext"
"designer copy dress",1,"freetext"
"Designer based in Shahpur Jat",1,"freetext"
"Designer basanati",1,"freetext"
"Designed sparkly and shimmery anarkali suits",1,"freetext"
"Designed it myself",1,"freetext"
"Designed in india",1,"freetext"
"designed by Tailer",1,"freetext"
"Designed by Payal Prasand Liverpool",1,"freetext"
"Designed by panache",1,"freetext"
"Designed by my mother",1,"freetext"
"designed and tailored in Pakistan",1,"freetext"
"Designaire",1,"freetext"
"Design By Sister.",1,"freetext"
"Design black maxi dress",1,"freetext"
"Desi Dylan",1,"freetext"
"Desi Dolan",1,"freetext"
"Delta soft",1,"freetext"
"Deepika Govind",1,"freetext"
"Deepam collection",1,"freetext"
"Deepak Perwani",1,"freetext"
"dd",1,"freetext"
"dCMumbai",1,"freetext"
"DC - lokhandwala",1,"freetext"
"Dazzles, Bangalore",1,"freetext"
"Dastoor
Size extra large",1,"freetext"
"dancing queen",1,"freetext"
"Customized Suit Set",1,"freetext"
"Customized Lengha",1,"freetext"
"custome",1,"freetext"
"custom stitches",1,"freetext"
"Custom stitched",1,"freetext"
"custom made.",1,"freetext"
"custom made to order",1,"freetext"
"custom made local boutique",1,"freetext"
"Custom made in Pakistan",1,"freetext"
"Custom Made in Karachi",1,"freetext"
"Custom made in Dubai",1,"freetext"
"Custom made in a boutique in india",1,"freetext"
"Custom made by craftsmen in patiala",1,"freetext"
"Custom Designer",1,"freetext"
"Custom designed, inspired by Arpita Mehta and Sunaina Khera designs",1,"freetext"
"Custom designed",1,"freetext"
"Custom Design",1,"freetext"
"Crunchy Fashion",1,"freetext"
"crossstitch",1,"freetext"
"Cross Stitch",1,"freetext"
"Cross Kulture",1,"freetext"
"Crimson by Saira Shakira",1,"freetext"
"creation by my self",1,"freetext"
"crave silk",1,"freetext"
"cotton Ginni",1,"freetext"
"Costume jewelry",1,"freetext"
"costume",1,"freetext"
"costum made",1,"freetext"
"Corraine",1,"freetext"
"copy of sabyasachi",1,"freetext"
"Copy of manish malhotra design",1,"freetext"
"coming",1,"freetext"
"Colour print",1,"freetext"
"Collete",1,"freetext"
"Coach",1,"freetext"
"Classy corner",1,"freetext"
"Classique Cut used Pakistani branded pure lawn breathable fabric for summer.",1,"freetext"
"Chynere",1,"freetext"
"Christian Loubatin",1,"freetext"
"chrisma",1,"freetext"
"Chocker set for women made in India",1,"freetext"
"Chique india",1,"freetext"
"Chinyre",1,"freetext"
"Chinyere brand",1,"freetext"
"Chiffon & Spice by Kinjal",1,"freetext"
"Chennai silks Australia",1,"freetext"
"Chavvi Aggarwal",1,"freetext"
"Charu and Vasundhara",1,"freetext"
"Charu & Vasunadhara",1,"freetext"
"Charmi Creations",1,"freetext"
"Charizma brand",1,"freetext"
"Charisma by Ritu Boorgu",1,"freetext"
"Charisma",1,"freetext"
"Chandra silk",1,"freetext"
"Chandigarh",1,"freetext"
"chandi choek",1,"freetext"
"Chandan Heritage",1,"freetext"
"Chamee and palak",1,"freetext"
"Chamee & Palak",1,"freetext"
"CHAASHNI BY MAANSI AND KETAN",1,"freetext"
"cfmhj",1,"freetext"
"Cedar & Pine",1,"freetext"
"cbazaar",1,"freetext"
"Can’t remember",1,"freetext"
"Can’t recall name",1,"freetext"
"calcutta regalia",1,"freetext"
"C.P.Singh Delhi",1,"freetext"
"by me",1,"freetext"
"By a stor",1,"freetext"
"Buy from shop",1,"freetext"
"Bunaai",1,"freetext"
"Brought from a boutique in Punjab",1,"freetext"
"Brinda",1,"freetext"
"Breakout Pakistan",1,"freetext"
"branded (forgot the name of the brand )",1,"freetext"
"Brand: Zaib By Nimsay",1,"freetext"
"Brand: Status - bought in India",1,"freetext"
"Brand: Farah Talib Aziz",1,"freetext"
"Brand New. Indian Anarkali dresses. Long, Anarkali suit, suitable for all Indian and other gala events. Stitched for India size 40 (US size 8).",1,"freetext"
"Boutique Sydney",1,"freetext"
"Boutique suite",1,"freetext"
"Boutique store",1,"freetext"
"Boutique in Kolkata",1,"freetext"
"Boutique in Bombay.",1,"freetext"
"Boutique from Sydney",1,"freetext"
"Boutique designer",1,"freetext"
"Boutique designed clutch bag",1,"freetext"
"Boutique custom made",1,"freetext"
"Boutique And Hand made , some of them are ready made as well",1,"freetext"
"Bought retail",1,"freetext"
"Bought Ready Made",1,"freetext"
"bought it from local designer in ncr delhi",1,"freetext"
"Bought in Mongas.",1,"freetext"
"Bought from Vinnis Boutique",1,"freetext"
"Bought from Southall",1,"freetext"
"Bought from shop name new seasons in coburg vic",1,"freetext"
"Bought from shop in perth WA",1,"freetext"
"Bought from shop in Australia",1,"freetext"
"Bought from Nepal. Only wore twice.",1,"freetext"
"Bought from local shop",1,"freetext"
"Bought from Liverpool store.",1,"freetext"
"Bought from Kumar’s Liverpool sydney",1,"freetext"
"Bought from India , from a clothing store.",1,"freetext"
"bought from House of Kalra
Bridal shop in AJAX, ONTARIO",1,"freetext"
"Bought from Green Street",1,"freetext"
"Bought from Green Steet London",1,"freetext"
"Bought from Dee and Ash boutique",1,"freetext"
"Bought from Anikha Gravsand",1,"freetext"
"bought from a shop in jalandhar",1,"freetext"
"Bought from a rose boutique in Sydney",1,"freetext"
"Bought from a manufacturer directly in India.",1,"freetext"
"Bought from a Local boutique in Melbourne VIC.",1,"freetext"
"Bought from a bridal shop in perth WA",1,"freetext"
"Bought from a boutique store",1,"freetext"
"Botique Piece",1,"freetext"
"botique from india",1,"freetext"
"Botique designer",1,"freetext"
"Botique",1,"freetext"
"Bombay selections",1,"freetext"
"Bombay Selection (India)",1,"freetext"
"Bombay selection",1,"freetext"
"Bombay Looks",1,"freetext"
"Bombay fashion green street london",1,"freetext"
"Bombay fashion",1,"freetext"
"Bombay Edition",1,"freetext"
"Bombay Designer",1,"freetext"
"Bombay collection",1,"freetext"
"Bombay",1,"freetext"
"Bombai Fashion",1,"freetext"
"Bollywood style",1,"freetext"
"Bollywood replica design",1,"freetext"
"Blue Sky",1,"freetext"
"Blue netted Anajali",1,"freetext"
"bj",1,"freetext"
"BisouNYC",1,"freetext"
"Bin Sayed",1,"freetext"
"Bin Saed",1,"freetext"
"Bin ilyas",1,"freetext"
"Billa silk and sarees",1,"freetext"
"Big brands, Farrah talib, Iqbal hussain, elan and more",1,"freetext"
"Bidaai London",1,"freetext"
"Biba store",1,"freetext"
"Biba by Rohit Bal",1,"freetext"
"Bespoke Boutique",1,"freetext"
"BeeHon",1,"freetext"
"Beautiful velvet gown with mirror work, can wear it with or without duppata.",1,"freetext"
"Beautiful sarees",1,"freetext"
"Beautiful piece of jewellery with amazing details and design",1,"freetext"
"Beautiful Pearl Choker with earrings",1,"freetext"
"Beautiful Mirtor work embroidered",1,"freetext"
"Beautiful hand embroidery",1,"freetext"
"Beautiful green Lehenga for Sale!

For sale is a stunning [green ] lehenga, perfect for weddings, parties, or special occasions. This gorgeous outfit features:

-net , embroidered 
- sequins, mirror work
-  floor-length full sleeves
- comes with matching dupatta 
Wore only once mint condition",1,"freetext"
"Beautiful designer chiffon lehriya saree",1,"freetext"
"Beautiful blue outfit for evening wear.",1,"freetext"
"beads work with Gita Patti work",1,"freetext"
"Bazzazz",1,"freetext"
"Bawree store - Santa Cruz West Mumbai",1,"freetext"
"bavleens",1,"freetext"
"batson",1,"freetext"
"Batra wholesale",1,"freetext"
"Batra Boutique",1,"freetext"
"Batik Pakistan",1,"freetext"
"Based in Victoria, can ship to anywhere with postage fee",1,"freetext"
"Basanti, coffee or kapde",1,"freetext"
"Basanti Ke Kapde aur Coffee",1,"freetext"
"Basanti Kapde or Coffee",1,"freetext"
"Basanti kapde aur koffee",1,"freetext"
"Basanti kapde and koffee",1,"freetext"
"Basanti - Kapde Aur Koffee",1,"freetext"
"Basanti",1,"freetext"
"Barouqe",1,"freetext"
"barouq",1,"freetext"
"Baroque,  maria b, khuda baksh",1,"freetext"
"Baroque Pakistan",1,"freetext"
"Barooque",1,"freetext"
"Bariano",1,"freetext"
"Bargello",1,"freetext"
"bank",1,"freetext"
"Bani Collection",1,"freetext"
"Bangladeshi",1,"freetext"
"Bangali",1,"freetext"
"bahjat",1,"freetext"
"Badgley Mishka",1,"freetext"
"Backs party",1,"freetext"
"Baabuls",1,"freetext"
"baabul",1,"freetext"
"B Anu Designs",1,"freetext"
"AZA FASHIONS",1,"freetext"
"aynaa world",1,"freetext"
"Ayeshas Closet",1,"freetext"
"Ayesha Usman",1,"freetext"
"Ayesha & Usman",1,"freetext"
"Aveera collection",1,"freetext"
"Aura couture",1,"freetext"
"AU size 8-10.",1,"freetext"
"AU size 8-10",1,"freetext"
"Astha Narang www.asthanarang.com",1,"freetext"
"Astha Narang",1,"freetext"
"astha naraang",1,"freetext"
"Asos",1,"freetext"
"Asopalv",1,"freetext"
"asopalav dresses",1,"freetext"
"Asopalav Ahmedabad",1,"freetext"
"Aso palov",1,"freetext"
"Asma Afzal",1,"freetext"
"Asim Jofa ; Hussain Rehar, Maria B",1,"freetext"
"Asif Mehdi Bridal",1,"freetext"
"as per pictures",1,"freetext"
"Arzooofficial",1,"freetext"
"arya studio",1,"freetext"
"Artisan, Handmade from India.",1,"freetext"
"Arshi Zari Art",1,"freetext"
"around the world",1,"freetext"
"Armaan’s Couture",1,"freetext"
"Arif ashraf",1,"freetext"
"AR by Rhea Kapoor",1,"freetext"
"Apple",1,"freetext"
"Anum Jung",1,"freetext"
"Anu",1,"freetext"
"Ansab Jahangir",1,"freetext"
"Anouk",1,"freetext"
"Annus creation",1,"freetext"
"Annus Abrar",1,"freetext"
"annu Creation",1,"freetext"
"Anjali",1,"freetext"
"Anis Collections",1,"freetext"
"Anil Store Amritsar",1,"freetext"
"Anewsta",1,"freetext"
"Andaaz Boutique",1,"freetext"
"Andaaz",1,"freetext"
"Anayat designs",1,"freetext"
"Anaya",1,"freetext"
"Anarkali",1,"freetext"
"Anadaaz",1,"freetext"
"Amritsar",1,"freetext"
"Amna Ismail",1,"freetext"
"Ammra Boutique Coimbatore",1,"freetext"
"Amitabh Malhotra",1,"freetext"
"amir adnan",1,"freetext"
"Amazing material, linen and about 1 inch loose cloth for alter.",1,"freetext"
"Amar coloney Delhi purchased",1,"freetext"
"Amaara Australia",1,"freetext"
"Amaara AU",1,"freetext"
"Amaaneh",1,"freetext"
"AM:PM",1,"freetext"
"Altaf Tailors from Liverpool",1,"freetext"
"Altaf Tailor",1,"freetext"
"Almirah",1,"freetext"
"Ally’s & Malahaar",1,"freetext"
"Allen Solly",1,"freetext"
"All ready made",1,"freetext"
"All designs",1,"freetext"
"all branded",1,"freetext"
"All blouses $50 each, pick up options only",1,"freetext"
"All",1,"freetext"
"alkaram studio",1,"freetext"
"Alkaram pakistan",1,"freetext"
"alkaram",1,"freetext"
"Alizeh",1,"freetext"
"Alisha's Offical",1,"freetext"
"Aline sage green",1,"freetext"
"Alan Pinkus",1,"freetext"
"Al.umar garments",1,"freetext"
"Al karam",1,"freetext"
"Akba Aslam",1,"freetext"
"ajay",1,"freetext"
"Aishwarya sarees - Ahemdabad",1,"freetext"
"Aisha Rao",1,"freetext"
"Aisha",1,"freetext"
"Aiman Malik",1,"freetext"
"Aik Global (Pakistani)",1,"freetext"
"aik atlier",1,"freetext"
"aik altier",1,"freetext"
"Aik",1,"freetext"
"Ahmed sultan",1,"freetext"
"Ahi clothing",1,"freetext"
"Agunj",1,"freetext"
"Agha noor original",1,"freetext"
"Agha Noor cotton net 3 piece suit. New with tags.",1,"freetext"
"Agha jaan",1,"freetext"
"Adnan pardesi",1,"freetext"
"Adidas",1,"freetext"
"Adhya",1,"freetext"
"Adaa Trendz",1,"freetext"
"Ada(style)beauty
Hand made",1,"freetext"
"ADA By Mehar",1,"freetext"
"Achcho",1,"freetext"
"abru",1,"freetext"
"ABOF",1,"freetext"
"Abishekh Radhika",1,"freetext"
"Abhishekh fashions",1,"freetext"
"Abhishek and Anaya",1,"freetext"
"Aari designer boutique in Mumbai",1,"freetext"
"aamra",1,"freetext"
"Aakriti",1,"freetext"
"A long gown simply means a full‑length dress — one that usually reaches the ankles or even the floor. With your measurements: Pink in color with embroidery 

Bust: 38 inches (after doubling)

Length: 57 inches",1,"freetext"
"a",1,"freetext"
"90 aud",1,"freetext"
"7raang",1,"freetext"
"7aatrang",1,"freetext"
"7AAT RANG",1,"freetext"
"44/46 in chest size.used once for few hours.good condition.no stain no issues",1,"freetext"
"3D floral motifs, matching sheer dupatta and the dramatic stone fringes hanging from the sleeves and the hem of the top.  Stylish and heavily embellished tomato red lehenga crafted in beads, petals, 3D floral motifs, sequins, zardozi and multiple fringes in between the embroidery.",1,"freetext"
"3 pieces",1,"freetext"
"3 pc organza teal frock with lining under frock and quarter lining under sleeves. Size large",1,"freetext"
"231",1,"freetext"
"20",1,"freetext"
"2",1,"freetext"
"130",1,"freetext"
"..",1,"freetext"
".",1,"freetext"
"- Manish Malhotra designed copy-",1,"freetext"
